{
    "sniffer": {
        "sn":       "47F745082791B043",
        "prog_sn":  "47F745082791B043"
    },

    "sniffer_dongle_ying": {
        "sn":       "000680435664-if00",
        "prog_sn":  "680435664",
        "tty":      "/dev/serial/by-id/usb-SEGGER_J-Link_000680435664-if00",
        "lockfile": "sniffer_dongle_ying.txt"
    },

    "max32570_board0": {
        "desc": "marked sn 0, for OpenOCD",
        "daplink": "0409000080fe82cc00000000000000000000000097969906",
        "lockfile":"max32570_board0.txt"
        
    },

    "max32655_board1": {
        "desc":         "marked sn 0, for tests: func, timing,",
        "target_lower": "max32655",
        "target_upper": "MAX32655",
        "chip_lc":      "max32655",
        "chip_uc":      "MAX32655",
        "type":         "EvKit_V1",
        "daplink":      "04091702d4f18ac600000000000000000000000097969906",
        "DAP_sn":       "04091702d4f18ac600000000000000000000000097969906",
        "uart0":        "D309ZDFB",
        "uart3":        "DT03O9WB",
        "con_sn":       "D309ZDFB",
        "con_id":       "/dev/serial/by-id/usb-FTDI_FT230X_Basic_UART_D309ZDFB-if00-port0",
        "hci_sn":       "DT03O9WB",
        "hci":          "/dev/serial/by-id/usb-FTDI_FT230X_Basic_UART_DT03O9WB-if00-port0",
        "hci_id":       "/dev/serial/by-id/usb-FTDI_FT230X_Basic_UART_DT03O9WB-if00-port0",
        "con":          "/dev/serial/by-id/usb-FTDI_FT230X_Basic_UART_D309ZDFB-if00-port0",
        "ocdports" : {
            "gdb" :     "3550",
            "tcl" :     "4550",
            "telnet":   "6550"
        },
        "lockfile":     "max32655_board1.txt",
        "dbbfile" :     "max32655_board1_dbb.json"
    },

    "max32655_board2": {
        "desc":         "marked sn 1, for tests: func, timing,",
        "target_lower": "max32655",
        "target_upper": "MAX32655",
        "chip_lc":      "max32655",
        "chip_uc":      "MAX32655",
        "type":         "EvKit_V1",
        "daplink":      "04091702f7f18a2900000000000000000000000097969906",
        "DAP_sn":       "04091702f7f18a2900000000000000000000000097969906",
        "uart0":  "D309ZDEM",
        "uart3":  "DT03OFQ0",
        "con_sn": "D309ZDEM",
        "hci_sn": "DT03OFQ0",
        "hci":          "/dev/serial/by-id/usb-FTDI_FT230X_Basic_UART_DT03OFQ0-if00-port0",
        "hci_id":       "/dev/serial/by-id/usb-FTDI_FT230X_Basic_UART_DT03OFQ0-if00-port0",
        "con":          "/dev/serial/by-id/usb-FTDI_FT230X_Basic_UART_D309ZDEM-if00-port0",
        "ocdports" : {
            "gdb" : "3551",
            "tcl" : "4551",
            "telnet": "6551"
        },
       "lockfile":"max32655_board2.txt",
       "dbbfile" : "max32655_board2.json"
    },

    "max32655_board_2": {
        "desc":       "marked sn #2, for per test,",
        "chip_lc":    "max32655",
        "chip_uc":    "MAX32655",
        "type":       "EvKit_V1",
        "rev":        "PCB-00177-B-0",
        "DAP_sn":     "04090000ceeb82b000000000000000000000000097969906",
        "DAP_id":     "/dev/serial/by-id/usb-ARM_DAPLink_CMSIS-DAP_04090000ceeb82b000000000000000000000000097969906-if01",
        "con_sn":     "D309ZDEP",
        "hci_sn":     "DT03OH8D",
        "con_id":     "/dev/serial/by-id/usb-FTDI_FT230X_Basic_UART_D309ZDEP-if00-port0",
        "hci_id":     "/dev/serial/by-id/usb-FTDI_FT230X_Basic_UART_DT03OH8D-if00-port0",
        "sw_model":   "USB-1SP16T-83H",
        "sw_state":   "1",
        "ocdports": {
            "gdb":    "3552",
            "tcl":    "4552",
            "telnet": "6552"
        },
        "lockfile":   "max32655_board_2.txt",
        "dbbfile":    "max32655_board_2.json"
    },

    "max32655_board_mban": {
        "desc": "marked mban, setup for MBAN interop testing",
        "chip_lc": "max32655",
        "chip_uc": "MAX32655",
        "type": "EvKit_V1",
        "DAP_sn": "04091702adca825d00000000000000000000000097969906",
        "con_sn": "D307NWIU",
        "uart_sn": "DT03NRQB",
        "con_id": "/dev/serial/by-id/usb-FTDI_FT230X_Basic_UART_D307NWIU-if00-port0",
        "uart_id": "/dev/serial/by-id/usb-FTDI_FT230X_Basic_UART_DT03NRQB-if00-port0",
        "ocdports": {
            "gdb": "3554",
            "tcl": "4554",
            "telnet": "6554"
        },
        "lockfile": "max32655_board_mban.txt"
    },

    "max32655_board_B38": {
        "desc":       "marked #2, ME17B, CON:uart0, HCI:uart3, p2_6 <-> TX, p2_7 <-> RX",
        "chip_lc":    "max32655",
        "chip_uc":    "MAX32655",
        "type":       "EvKit_V1",
	    "rev":        "PCB-00175-A-0",
        "DAP_sn":     "0444170169c5c14600000000000000000000000097969906",
        "DAP_id":     "/dev/serial/by-id/usb-ARM_DAPLink_CMSIS-DAP_0444170169c5c14600000000000000000000000097969906-if01",
        "con_sn":     "FT5VTPEH",
        "hci_sn":     "DT03OFRJ",
        "con_id":     "/dev/serial/by-id/usb-FTDI_LC234X_FT5VTPEH-if00-port0",
        "hci_id":     "/dev/serial/by-id/usb-FTDI_FT230X_Basic_UART_DT03OFRJ-if00-port0",
        "sw_model":   "USB-1SP16T-83H",
        "sw_state":   "",
        "ocdports": {
            "gdb":    "3555",
            "tcl":    "4555",
            "telnet": "6555"
        },
        "lockfile":   "max32655_board_B38.txt",
        "dbbfile":    "max32655_board_B38.json"
    },

    "max32660_board_y7": {
        "chip_lc":     "max32660",
        "chip_uc":     "MAX32660"
    },

    "max32665_board1": {
        "desc": "marked sn 13, for tests: timing",
        "chip_lc":      "max32665",
        "chip_uc":      "MAX32665",
        "type":         "EvKit_V1",
        "daplink": "0409000098d9439b00000000000000000000000097969906",
        "DAP_sn": "0409000098d9439b00000000000000000000000097969906",
        "uart1": "D30A1X9X",
        "uart0": "DT03O747",
        "con_sn": "D30A1X9X",
        "con_id": "/dev/serial/by-id/usb-FTDI_FT230X_Basic_UART_D30A1X9X-if00-port0",
        "hci_sn": "DT03O747",
        "hci_id": "/dev/serial/by-id/usb-FTDI_FT230X_Basic_UART_DT03O747-if00-port0",
        "ocdports" : {
            "gdb" : "3650",
            "tcl" : "4650",
            "telnet": "6650"
        },
        "lockfile":"max32665_board1.txt",
        "dbbfile":"max32665_board1.json"
        
    },

    "max32665_board_w3": {
        "desc":       "marked sn w3, for per test,",
        "chip_lc":    "max32665",
        "chip_uc":    "MAX32665",
        "type":       "EvKit_V1",
	    "rev":        "PCB-00129-C-0",
        "DAP_sn":     "04090000f8dd43b800000000000000000000000097969906",
        "DAP_id":     "/dev/serial/by-id/usb-ARM_DAPLink_CMSIS-DAP_04090000f8dd43b800000000000000000000000097969906-if01",
        "con_sn":     "D3091LEX",
        "hci_sn":     "DT03O7LC",
        "con_id":     "/dev/serial/by-id/usb-FTDI_FT230X_Basic_UART_D3091LEX-if00-port0",
        "hci_id":     "/dev/serial/by-id/usb-FTDI_FT230X_Basic_UART_DT03O7LC-if00-port0",
        "sw_model":   "USB-1SP16T-83H",
        "sw_state":   "2",
        "ocdports": {
            "gdb":    "3651",
            "tcl":    "4651",
            "telnet": "6651"
        },
        "lockfile":   "max32665_board_w3.txt",
        "dbbfile":    "max32665_board_w3.json"
        
    },

    "max32665_board_w4": {
        "desc": "marked w4, MAX32665 110P WLP",
        "DAP_sn": "0409000062c443c100000000000000000000000097969906",
        "sw_model": "USB-1SP16T-83H",
        "sw_state": "3",
        "ocdports" : {
            "gdb" : "3652",
            "tcl" : "4652",
            "telnet": "6652"
        },
        "lockfile":"max32665_board_w4.txt",
        "dbbfile":"max32665_board_w4.json"

    },

    "max32666_board_y6": {
        "desc": "",
        "chip_lc":    "max32666",
        "chip_uc":    "MAX32666",
        "type":       "",
	    "rev":        "PCB-00129-D-0",
        "DAP_sn":     "0409170228a0088000000000000000000000000097969906",
        "DAP_id":     "/dev/serial/by-id/usb-ARM_DAPLink_CMSIS-DAP_0409170228a0088000000000000000000000000097969906-if01",
        "con_sn":     "D30BPVGV",
        "con_id":     "/dev/serial/by-id/usb-FTDI_FT231X_USB_UART_D30BPVGV-if00-port0",
        "sw_model":   "",
        "sw_state":   "",
        "ocdports" : {
            "gdb" :   "3666",
            "tcl" :   "4666",
            "telnet": "6666"
        },
        "lockfile":"max32666_board_y6.txt",
        "dbbfile": "max32666_board_y6.json"

    },

    "max32690_board_w1": {
        "desc":         "original sn 24, now changed to w1, timing test, hci:uart3",
        "chip_lc":      "max32690",
        "chip_uc":      "MAX32690",
        "type":         "EvKit_V1",
        "daplink":      "04091702b55e4e9600000000000000000000000097969906",
        "DAP_sn":       "04091702b55e4e9600000000000000000000000097969906",
        "uart2":        "D30AKVTH",
        "uart3":        "04091702b55e4e9600000000000000000000000097969906",
        "hci_sn":       "04091702b55e4e9600000000000000000000000097969906",
        "hci_id":       "/dev/serial/by-id/usb-ARM_DAPLink_CMSIS-DAP_04091702b55e4e9600000000000000000000000097969906-if01",
        "con_sn":       "D30AKVTH",
        "con_id" :      "/dev/serial/by-id/usb-FTDI_FT231X_USB_UART_D30AKVTH-if00-port0",
        "ocdports" : {
            "gdb" : "3900",
            "tcl" : "4900",
            "telnet": "6900"
        },
        "lockfile":"max32690_board_w1.txt",
        "dbbfile":"max32690_board_w1.json"
    },

    "max32690_board_old_w1": {
        "desc": "marked sn w1, for timing test, ...",
        "daplink": "040917014d8e03fc00000000000000000000000097969906",
        "uart2": "D30ALJPW",
        "uart3": "040917014d8e03fc00000000000000000000000097969906",
        "ocdports" : {
            "gdb" : "3901",
            "tcl" : "4901",
            "telnet": "6901"
        },
       "lockfile":"max32690_board_old_w1.txt",
       "dbbfile":"max32690_board_old_w1.json"

    },

    "max32690_board_w2": {
        "desc": "marked sn w2, for PER test, ...",
        "chip_lc":    "max32690",
        "chip_uc":    "MAX32690",
        "type":       "EvKit_V1",
        "rev":        "PCB-00224-A-0",
        "DAP_sn":     "0409170211cd0dd400000000000000000000000097969906",
        "DAP_id":     "/dev/serial/by-id/usb-ARM_DAPLink_CMSIS-DAP_0409170211cd0dd400000000000000000000000097969906-if01",
        "con_sn":     "D30ALJQ8",
        "hci_sn":     "0409170211cd0dd400000000000000000000000097969906",
        "con_id":     "/dev/serial/by-id/usb-FTDI_FT231X_USB_UART_D30ALJQ8-if00-port0",
        "hci_id":     "/dev/serial/by-id/usb-ARM_DAPLink_CMSIS-DAP_0409170211cd0dd400000000000000000000000097969906-if01",
        "sw_model":   "USB-1SP16T-83H",
        "sw_state":   "4",
        "ocdports": {
            "gdb":    "3902",
            "tcl":    "4902",
            "telnet": "6902"
        },
        "lockfile":   "max32690_board_w2.txt",
        "dbbfile":    "max32690_board_w2.json"

    },
    
    "max32690_board_A1": {
        "desc":       "PCB-00247-A-0, WLP_ME18, ME18 TO ME17 TEST BOARD, CN1-UART0 (hci), CN2-UART1 (console)",
        "chip_lc":    "max32690",
        "chip_uc":    "MAX32690",
        "type":       "WLP_V1",
	    "rev":        "PCB-00247-A-0",
        "DAP_sn":     "0409170289b20d8200000000000000000000000097969906",
        "DAP_id":     "/dev/serial/by-id/usb-ARM_DAPLink_CMSIS-DAP_0409170289b20d8200000000000000000000000097969906-if01",
        "con_sn":     "D30ALJVM",
        "hci_sn":     "D30ALJVK",
        "hci_id":     "/dev/serial/by-id/usb-FTDI_FT231X_USB_UART_D30ALJVK-if00-port0",
        "con_id":     "/dev/serial/by-id/usb-FTDI_FT231X_USB_UART_D30ALJVM-if00-port0",
        "sw_model":   "USB-1SP16T-83H",
        "sw_state":   "6",
        "ocdports": {
            "gdb":    "3903",
            "tcl":    "4903",
            "telnet": "6903"
        },
        "lockfile":   "max32690_board_A1.txt",
        "dbbfile":    "max32690_board_A1.json"

    },

    "max32690_board_A5": {
        "desc": "PCB-00247-A-0, WLP_ME18, ME18 TO ME17 TEST BOARD, CN1-UART0, CN2-UART1 (console)",
        "chip_lc": "max32690",
        "chip_uc": "MAX32690",
        "type": "WLP_V1",
        "DAP_id": "/dev/serial/by-id/usb-ARM_DAPLink_CMSIS-DAP_040917012a8e03a400000000000000000000000097969906-if01",
        "DAP_sn": "040917012a8e03a400000000000000000000000097969906",
        "con_sn": "D30ALWEN",
        "hci_sn": "D30ALWEM",
        "con_id": "/dev/serial/by-id/usb-FTDI_FT231X_USB_UART_D30ALWEN-if00-port0",
        "hci_id": "/dev/serial/by-id/usb-FTDI_FT231X_USB_UART_D30ALWEM-if00-port0",        
        "sw_model": "NOT CONNECTED",
        "sw_state": "NOT CONNECTED",
        "ocdports" : {
            "gdb" : "3904",
            "tcl" : "4904",
            "telnet": "6904"
        },
        "lockfile":"max32690_board_A5.txt",
        "dbbfile":"max32690_board_A5.json"

    },

    "max32690_board_A6": {
        "desc": "PCB-00247-A-0, WLP_ME18, ME18 TO ME17 TEST BOARD, CN1-UART0, CN2-UART1 (console)",
        "chip_lc": "max32690",
        "chip_uc": "MAX32690",
        "type": "WLP_V1",
        "DAP_id": "/dev/serial/by-id/usb-ARM_DAPLink_CMSIS-DAP_040917015f8d03d800000000000000000000000097969906-if01",
        "DAP_sn": "040917015f8d03d800000000000000000000000097969906",
        "CN1_id": "/dev/serial/by-id/usb-FTDI_FT231X_USB_UART_D30ALWF5-if00-port0",
        "CN2_id": "/dev/serial/by-id/usb-FTDI_FT231X_USB_UART_D30ALWF6-if00-port0",
        "con_sn": "D30ALWF6",
        "hci_sn": "D30ALWF5",
        "ocdports" : {
            "gdb" : "3905",
            "tcl" : "4905",
            "telnet": "6905"
        },
        "lockfile":"max32690_board_A6.txt",
        "dbbfile":"max32690_board_A6.json"

    },

    "nRF52840_1": {
        "desc":     "PER test, master board",
        "DAP_sn":   "1050234264",
	    "hci_sn":   "001050234264-if00",
        "hci_id":   "/dev/serial/by-id/usb-SEGGER_J-Link_001050234264-if00",
	    "con_sn":   "",
	    "con_id":   "",
        "sw_model": "USB-1SP8T-63H",
        "sw_state": "2",
        "lockfile": "nRF52840_1.txt"
    },

    "nRF52840_2": {
        "desc": "",
        "chip_lc":  "x",
        "chip_uc":  "x",
        "type":     "x",
        "sn":       "001050288497-if00",
        "prog_sn":  "1050288497",
        "DAP_sn":   "1050288497",
        "hci_sn":   "001050288497-if00",
        "hci_id":   "/dev/serial/by-id/usb-SEGGER_J-Link_001050288497-if00",
        "con_sn":   "",
        "con_id":   "",
        "sw_model": "NOT CONNECTED",
        "sw_state": "NOT CONNECTED",
        "lockfile": "nRF52840_2.txt"
    },

    "nRF52840_3": {
        "desc": "",
        "chip_lc":  "x",
        "chip_uc":  "x",
        "type":     "x",
        "sn_desc":  "used for sniffer", 
        "sn":       "001050203633",
        "DAP_sn":   "1050203633",
        "hci_sn":   "001050203633-if00",
        "hci_id":   "/dev/serial/by-id/usb-SEGGER_J-Link_001050203633-if00",
        "con_sn":   "x",
        "con_id":   "x",
        "sw_model": "NOT CONNECTED",
        "sw_state": "NOT CONNECTED",
        "lockfile": "nRF52840_3.txt"
    },
    
    "nRF52840_4": {
        "desc":     "not in box",
        "chip_lc":  "x",
        "chip_uc":  "x",
        "type":     "x",
        "sn":       "000683893929-if00",
        "prog_sn":  "683893929",
        "DAP_sn":   "000683893929",
        "hci_sn":   "000683893929-if00",
        "hci_id":   "/dev/serial/by-id/usb-SEGGER_J-Link_000683893929-if00",
        "con_sn":   "",
        "con_id":   "",
        "sw_model": "NOT CONNECTED",
        "sw_state": "NOT CONNECTED",
        "lockfile": "nRF52840_4.txt"
    },

    "rsl15_1" : {
        "desc" : "OnSemi,RSL15",
        "DAP_sn": "908805860",
        "hci_id" : "/dev/serial/by-id/usb-SEGGER_J-Link_000908805860-if00",
        "sw_model": "USB-1SP8T-63H",
        "sw_state" : "3",
        "lockfile":"rsl15_1.txt"
    },

    "RS_SA": {
        "desc": "Rhode and Schwarz spectrum analyzer",
        "sw_model": "USB-1SP8T-63H",
        "sw_state": "1",
        "lockfile":"RS_SA.txt"
    },

    "sniffer_ying": {
        "sn": "C7526B63B7BD5962"
    },

    "max32655_board_y1": {
        "desc":     "con: uart0, hci: uart3",
        "chip_lc":  "max32655",
        "chip_uc":  "MAX32655",
        "type":     "EvKit_V1",
        "DAP_sn":   "04091702bdf10c0400000000000000000000000097969906",
        "DAP_id":   "/dev/serial/by-id/usb-ARM_DAPLink_CMSIS-DAP_04091702bdf10c0400000000000000000000000097969906-if01",
        "con_sn":   "D3073IDG",
        "hci_sn":   "DT03OA5Q",
        "con_id":   "/dev/serial/by-id/usb-FTDI_FT230X_Basic_UART_D3073IDG-if00-port0",
        "hci_id":   "/dev/serial/by-id/usb-FTDI_FT230X_Basic_UART_DT03OA5Q-if00-port0",
        "sw_model": "NOT CONNECTED",
        "sw_state": "NOT CONNECTED",
        "ocdports" : {
            "gdb" : "3552",
            "tcl" : "4552",
            "telnet": "6552"
        },
       "lockfile":  "max32655_board_y1.txt"
    },                                                                                                      

    "max32655_board_y2": { 
        "chip_lc":      "max32655",
        "chip_uc":      "MAX32655",
        "type":         "EvKit_V1",
        "DAP_sn":       "040917015f8d03d800000000000000000000000097969906",
        "DAP_id":       "/dev/serial/by-id/usb-ARM_DAPLink_CMSIS-DAP_040917015f8d03d800000000000000000000000097969906-if01",
        "con_sn":       "D309ZDE9",
        "con_id":       "/dev/serial/by-id/usb-FTDI_FT230X_Basic_UART_D309ZDE9-if00-port0",
        "hci_sn":       "DT03NSU1",
        "hci_id":       "/dev/serial/byi-id/usb-FTDI_FT230X_Basic_UART_DT03NSU1-if00-port0",
        "ocdports" : {
            "gdb" :     "3553",
            "tcl" :     "4553",
            "telnet":   "6553"
        },
       "lockfile":      "max32655_board_y2.txt"
    },

    "max32655_board_y3": { 
        "chip_lc":      "max32655",
        "chip_uc":      "MAX32655",
        "type":         "EvKit_V1",
        "rev":          "PCB-00177-B-0",
        "DAP_sn":       "040917012a8e03a400000000000000000000000097969906",
        "daplink":      "040917012a8e03a400000000000000000000000097969906",
        "DAP_id":       "/dev/serial/by-id/usb-ARM_DAPLink_CMSIS-DAP_040917012a8e03a400000000000000000000000097969906-if01",
        "con_sn":       "D307NU7N",
        "uart0":        "D307NU7N",
        "hci_sn":       "DT03NSU1",
        "con_id":       "/dev/serial/by-id/usb-FTDI_FT230X_Basic_UART_D307NU7N-if00-port0",
        "hci_id":       "/dev/serial/by-id/usb-FTDI_FT230X_Basic_UART_DT03NSU1-if00-port0",
        "ocdports" : {
            "gdb" :     "3557",
            "tcl" :     "4557",
            "telnet":   "6557"
        },
       "lockfile":      "max32655_board_y2.txt"
    },

    "max32665_board_2": {
        "desc":         "ying, uart0: hci, uart1: con",
        "chip_lc":      "max32665",
        "chip_uc":      "MAX32665",
        "type":         "EvKit_V1",
        "DAP_sn":       "0409000069f9823300000000000000000000000097969906",
        "DAP_id":       "/dev/serial/by-id/usb-ARM_DAPLink_CMSIS-DAP_0409000069f9823300000000000000000000000097969906-if01",
        "con_sn":       "D30A1X9V",
        "con_id":       "/dev/serial/by-id/usb-FTDI_FT230X_Basic_UART_D30A1X9V-if00-port0",
        "hci_sn":       "DT03OGQ4",
        "hci_id":       "/dev/serial/by-id/usb-FTDI_FT230X_Basic_UART_DT03OGQ4-if00-port0",
        "sw_model":     "NOT CONNECTED",
        "sw_state":     "NOT CONNECTED",
        "ocdports" : {
            "gdb" :     "3653",
            "tcl" :     "4653",
            "telnet":   "6653"
        },
        "lockfile":     "max32665_board_2.txt"
    },

    "max32690_board_old_24_to_wall-e_w1": {
        "daplink":      "04091702b55e4e9600000000000000000000000097969906",        
        "uart2":        "D30AKVTH",
        "uart3":        "04091702b55e4e9600000000000000000000000097969906",
        "ocdports" : {
            "gdb" :     "3906",
            "tcl" :     "4906",
            "telnet":   "6906"
        },
        "lockfile":     "max32690_board_old_24_to_wall-e_w1.txt"
    },

    "max32690_board_3": {
        "desc":         "ying, the old wall-e w1, now 3",
        "chip_lc":      "max32690",
        "chip_uc":      "MAX32690",
        "type":         "EvKit_V1",
        "DAP_sn":       "040917014d8e03fc00000000000000000000000097969906",
        "DAP_id":       "/dev/serial/by-id/usb-ARM_DAPLink_CMSIS-DAP_040917014d8e03fc00000000000000000000000097969906-if01",
        "uart2":        "D30ALJPW",
        "con_sn":       "D30ALJPW",
        "con_id":       "/dev/serial/by-id/usb-FTDI_FT231X_USB_UART_D30ALJPW-if00-port0",
        "uart3":        "040917014d8e03fc00000000000000000000000097969906",
        "hci_sn":       "040917014d8e03fc00000000000000000000000097969906",
        "hci_id":       "/dev/serial/by-id/usb-ARM_DAPLink_CMSIS-DAP_040917014d8e03fc00000000000000000000000097969906-if01",
        "sw_model":     "NOT CONNECTED",
        "sw_state":     "NOT CONNECTED",
        "ocdports" : {
            "gdb" :     "3907",
            "tcl" :     "4907",
            "telnet":   "6907"
        },
        "lockfile":     "max32690_board_3.txt"
    },

    "minicircuits_rf_switch": {
        "desc":         "one lock file is enough for the two switches",
        "lockfile":     "minicircuits_rf_switch.txt"
    }
}
